"field_kOe","time_ps","signal"
10,-2.602649,0.00191048
10,-2.335338,0.000821372
10,-2.068027,-0.00247719
10,-1.800716,0.00320379
10,-1.533405,-0.000377447
10,-1.266094,-0.00108704
10,-0.998783,0.000344139
10,-0.731472,0.0204482
10,-0.464161,0.0804783
10,-0.19685,0.206826
10,0.070461,0.424003
10,0.337772,0.718425
10,0.605083,0.961281
10,0.872394,0.999993
10,1.139705,0.944425
10,1.407016,0.870909
10,1.674327,0.779187
10,1.941638,0.700478
10,2.208949,0.641424
10,2.47626,0.598329
10,2.743571,0.564413
10,3.010882,0.528121
10,3.278193,0.49626
10,3.545504,0.470455
10,3.812815,0.446777
10,4.080126,0.430193
10,4.347437,0.418844
10,4.614748,0.406952
10,4.882059,0.390867
10,5.14937,0.378729
10,5.416681,0.367597
10,5.683992,0.359217
10,5.951303,0.343913
10,6.218614,0.331356
10,6.485925,0.320773
10,6.753236,0.30964
10,7.020547,0.30025
10,7.287858,0.298844
10,7.555169,0.292319
10,7.82248,0.286123
10,8.089791,0.281676
10,8.357102,0.272909
10,8.624413,0.270814
10,8.891724,0.261398
10,9.159035,0.255635
10,9.426346,0.253635
10,9.693657,0.251918
10,9.960968,0.254035
10,10.22828,0.249791
10,10.49559,0.2467
10,10.7629,0.241047
10,11.03021,0.239227
10,11.29752,0.235107
10,11.56483,0.229037
10,11.83214,0.220831
10,12.09946,0.218691
10,12.36677,0.210349
10,12.63408,0.205825
10,12.90139,0.198379
10,13.1687,0.192184
10,13.43601,0.189894
10,13.70332,0.186424
10,13.97063,0.179273
10,14.23794,0.17662
10,14.50525,0.17552
10,14.77257,0.172992
10,15.03988,0.169028
10,15.30719,0.167836
10,15.5745,0.162921
10,15.84181,0.161024
10,16.10912,0.153568
10,16.37643,0.14838
10,16.64374,0.143569
10,16.91105,0.139307
10,17.17836,0.133683
10,17.44568,0.131384
10,17.71299,0.127961
10,17.9803,0.126138
10,18.24761,0.118587
10,18.51492,0.111229
10,18.78223,0.11299
10,19.04954,0.106966
10,19.31685,0.102493
10,19.58416,0.102317
10,19.85148,0.097604
10,20.11879,0.0946298
10,20.3861,0.0909565
10,20.65341,0.0879492
10,20.92072,0.0865759
10,21.18803,0.0852844
10,21.45534,0.0818547
10,21.72265,0.0775018
10,21.98996,0.0799385
10,22.25727,0.0755111
10,22.52458,0.0688886
10,22.7919,0.0670876
10,23.05921,0.0664371
10,23.32652,0.0700991
10,23.59383,0.0659395
10,23.86114,0.0710537
10,24.12845,0.0743155
10,24.39576,0.0786601
10,24.66307,0.0716622
10,24.93038,0.0665101
10,25.19769,0.0595448
10,25.46501,0.0629597
10,25.73232,0.0592459
10,25.99963,0.0609756
10,26.26694,0.0601577
10,26.53425,0.0586782
10,26.80156,0.0590815
10,27.06887,0.0567884
10,27.33618,0.0580974
10,27.60349,0.0563597
10,27.8708,0.0538298
10,28.13812,0.0574028
10,28.40543,0.0569921
10,28.67274,0.0562563
10,28.94005,0.0549434
10,29.20736,0.0549012
10,29.47467,0.0572888
10,29.74198,0.0569022
10,30.00929,0.0560732
10,30.2766,0.054842
10,30.54391,0.0523893
10,30.81123,0.0559043
10,31.07854,0.0554283
10,31.34585,0.0584877
10,31.61316,0.061658
10,31.88047,0.0588382
10,32.14778,0.0592456
10,32.41509,0.060921
10,32.6824,0.0633217
10,32.94971,0.0661614
10,33.21702,0.0602188
10,33.48434,0.0519803
10,33.75165,0.0537593
10,34.01896,0.0499157
10,34.28627,0.0490225
10,34.55358,0.0459698
10,34.82089,0.0500845
10,35.0882,0.0533349
10,35.35551,0.0547755
10,35.62282,0.0596878
10,35.89014,0.0623093
10,36.15745,0.0653314
10,36.42476,0.0645888
10,36.69207,0.0644931
10,36.95938,0.062848
10,37.22669,0.0565887
10,37.494,0.0539368
10,37.76131,0.0546259
10,38.02862,0.0544377
10,38.29593,0.0535671
10,38.56324,0.050953
10,38.83056,0.0503805
10,39.09787,0.0508612
10,39.36518,0.0462774
10,39.63249,0.0455917
10,39.8998,0.0449532
10,40.16711,0.0448926
10,40.43442,0.0432089
10,40.70173,0.0435806
10,40.96904,0.0410838
10,41.23636,0.0367642
10,41.50367,0.0370836
10,41.77098,0.0362844
10,42.03829,0.0325738
10,42.3056,0.0370624
10,42.57291,0.0321668
10,42.84022,0.0306353
10,43.10753,0.0324366
10,43.37484,0.034056
10,43.64215,0.0299678
10,43.90946,0.0286175
10,44.17678,0.0287201
10,44.44409,0.0244371
10,44.7114,0.0270626
10,44.97871,0.0237596
10,45.24602,0.022659
10,45.51333,0.0230779
10,45.78064,0.0217531
10,46.04795,0.0193346
10,46.31526,0.0176093
10,46.58258,0.0191378
10,46.84989,0.0172834
10,47.1172,0.0128436
10,47.38451,0.0133896
10,47.65182,0.0147951
10,47.91913,0.0167707
10,48.18644,0.016936
10,48.45375,0.0107886
10,48.72106,0.0153043
10,48.98837,0.00926175
10,49.25568,0.0115427
10,49.523,0.0117946
10,49.79031,0.0161669
10,50.05762,0.0127366
10,50.32493,0.0140308
10,50.59224,0.0137101
10,50.85955,0.0120181
10,51.12686,0.0133732
10,51.39417,0.0141693
10,51.66148,0.013893
10,51.9288,0.0154502
10,52.19611,0.0112019
10,52.46342,0.0139041
10,52.73073,0.0135357
10,52.99804,0.0136785
10,53.26535,0.0156591
10,53.53266,0.015378
10,53.79997,0.0142722
10,54.06728,0.0123225
10,54.33459,0.00804055
10,54.6019,0.0125232
10,54.86922,0.0136739
10,55.13653,0.0122083
10,55.40384,0.0161844
10,55.67115,0.0193075
10,55.93846,0.0203741
10,56.20577,0.0191421
10,56.47308,0.0255136
10,56.74039,0.021475
10,57.0077,0.0199112
10,57.27502,0.017799
10,57.54233,0.0181659
10,57.80964,0.0180616
10,58.07695,0.0173719
10,58.34426,0.0197161
10,58.61157,0.0184601
10,58.87888,0.0161365
10,59.14619,0.0185892
10,59.4135,0.0187253
10,59.68081,0.0173968
10,59.94812,0.0142936
10,60.21544,0.0196347
10,60.48275,0.0164755
10,60.75006,0.0166472
10,61.01737,0.017402
10,61.28468,0.0186922
10,61.55199,0.0155
10,61.8193,0.0203958
10,62.08661,0.0184958
10,62.35392,0.016787
10,62.62124,0.0204932
10,62.88855,0.0177912
10,63.15586,0.0198376
10,63.42317,0.0187852
10,63.69048,0.0217934
10,63.95779,0.0173582
10,64.2251,0.015844
10,64.49241,0.0158046
10,64.75972,0.0185079
10,65.02703,0.0187264
10,65.29435,0.0198713
10,65.56166,0.0213978
10,65.82897,0.0146124
10,66.09628,0.0116957
10,66.36359,0.0125788
10,66.6309,0.00745071
10,66.89821,0.00608321
10,67.16552,0.00627137
10,67.43283,0.0116271
10,67.70014,0.010863
10,67.96746,0.00897058
10,68.23477,0.012336
10,68.50208,0.00827994
10,68.76939,0.00583131
10,69.0367,0.00565657
10,69.30401,0.005079
10,69.57132,0.00826222
10,69.83863,0.00424472
10,70.10594,0.00328141
10,70.37325,0.00636234
10,70.64056,0.00449597
10,70.90788,0.00221272
10,71.17519,0.00315744
10,71.4425,0.00824182
10,71.70981,0.00424088
10,71.97712,0.00171421
10,72.24443,0.00246692
10,72.51174,0.00606562
10,72.77905,0.00320554
10,73.04636,0.00395137
10,73.31368,0.00341186
10,73.58099,0.00357127
10,73.8483,0.00269739
10,74.11561,0.00278717
10,74.38292,0.000200979
10,74.65023,-0.00348327
10,74.91754,0.0017852
10,75.18485,0.00163525
10,75.45216,0.00179102
10,75.71947,0.00527402
10,75.98678,0.00492029
10,76.2541,0.00725559
10,76.52141,0.00374369
10,76.78872,0.00576531
10,77.05603,0.00285625
10,77.32334,-0.00455074
14,-1.759225,0.0048878
14,-1.491792,-0.0027355
14,-1.224359,0.000450983
14,-0.956926,0.00482834
14,-0.689493,0.0173506
14,-0.42206,0.0378495
14,-0.154627,0.0959492
14,0.112806,0.229339
14,0.380239,0.472304
14,0.647672,0.782021
14,0.915105,1.00002
14,1.182538,0.999696
14,1.449971,0.940002
14,1.717404,0.857496
14,1.984837,0.76435
14,2.25227,0.693371
14,2.519703,0.644271
14,2.787136,0.608193
14,3.054569,0.58017
14,3.322002,0.549572
14,3.589435,0.516322
14,3.856868,0.489063
14,4.124301,0.465236
14,4.391734,0.453985
14,4.659167,0.43623
14,4.9266,0.421991
14,5.194033,0.410096
14,5.461466,0.394192
14,5.728899,0.378371
14,5.996332,0.362139
14,6.263765,0.349293
14,6.531198,0.334803
14,6.798631,0.319358
14,7.066064,0.306563
14,7.333497,0.300587
14,7.60093,0.297175
14,7.868363,0.287452
14,8.135796,0.284739
14,8.403229,0.272914
14,8.670662,0.263987
14,8.938095,0.257339
14,9.205528,0.252716
14,9.472961,0.246169
14,9.740394,0.245924
14,10.00783,0.238085
14,10.27526,0.23126
14,10.54269,0.22999
14,10.81013,0.223908
14,11.07756,0.218657
14,11.34499,0.20883
14,11.61242,0.205169
14,11.87986,0.194801
14,12.14729,0.186209
14,12.41472,0.175535
14,12.68216,0.16668
14,12.94959,0.155647
14,13.21702,0.146304
14,13.48446,0.14383
14,13.75189,0.13047
14,14.01932,0.126027
14,14.28676,0.122519
14,14.55419,0.123192
14,14.82162,0.111203
14,15.08905,0.113181
14,15.35649,0.110748
14,15.62392,0.113051
14,15.89135,0.107069
14,16.15879,0.102944
14,16.42622,0.0952654
14,16.69365,0.0943788
14,16.96108,0.0850987
14,17.22852,0.0863097
14,17.49595,0.077077
14,17.76338,0.0780156
14,18.03082,0.0694689
14,18.29825,0.0673523
14,18.56568,0.0702653
14,18.83312,0.0650188
14,19.10055,0.0558522
14,19.36798,0.0554026
14,19.63541,0.0546657
14,19.90285,0.052051
14,20.17028,0.0532049
14,20.43771,0.0494906
14,20.70515,0.0531777
14,20.97258,0.0529701
14,21.24001,0.0558919
14,21.50745,0.0504037
14,21.77488,0.0550891
14,22.04231,0.0521715
14,22.30974,0.0553871
14,22.57718,0.0581012
14,22.84461,0.0515029
14,23.11204,0.0519344
14,23.37948,0.0501499
14,23.64691,0.0516644
14,23.91434,0.0489218
14,24.18178,0.0573578
14,24.44921,0.0622394
14,24.71664,0.0744752
14,24.98408,0.0705508
14,25.25151,0.0572503
14,25.51894,0.0573258
14,25.78637,0.0569848
14,26.05381,0.0587884
14,26.32124,0.0575224
14,26.58867,0.0596154
14,26.85611,0.0633464
14,27.12354,0.0621773
14,27.39097,0.0583231
14,27.6584,0.0600778
14,27.92584,0.0547598
14,28.19327,0.0576212
14,28.4607,0.0574214
14,28.72814,0.0590654
14,28.99557,0.0558403
14,29.263,0.0559497
14,29.53044,0.0511633
14,29.79787,0.0498154
14,30.0653,0.0498118
14,30.33274,0.0475131
14,30.60017,0.0485379
14,30.8676,0.0471787
14,31.13503,0.0434277
14,31.40247,0.0438662
14,31.6699,0.0477584
14,31.93733,0.0487737
14,32.20477,0.0491843
14,32.4722,0.0428476
14,32.73963,0.0416827
14,33.00706,0.0425735
14,33.2745,0.041292
14,33.54193,0.0458382
14,33.80936,0.0286071
14,34.0768,0.0154476
14,34.34423,0.0194025
14,34.61166,0.0179772
14,34.8791,0.0163144
14,35.14653,0.0141526
14,35.41396,0.0237791
14,35.6814,0.0248715
14,35.94883,0.0256452
14,36.21626,0.028015
14,36.48369,0.0292071
14,36.75113,0.0288875
14,37.01856,0.0180012
14,37.28599,0.0204088
14,37.55343,0.0201343
14,37.82086,0.0141405
14,38.08829,0.0105162
14,38.35572,0.0111319
14,38.62316,0.0152651
14,38.89059,0.0166053
14,39.15802,0.0145075
14,39.42546,0.0132149
14,39.69289,0.0134524
14,39.96032,0.0124835
14,40.22776,0.01043
14,40.49519,0.0166723
14,40.76262,0.0166834
14,41.03005,0.0145421
14,41.29749,0.0169226
14,41.56492,0.0151045
14,41.83235,0.0163202
14,42.09979,0.0137499
14,42.36722,0.0199587
14,42.63465,0.0256074
14,42.90209,0.0235574
14,43.16952,0.0191207
14,43.43695,0.0250115
14,43.70438,0.0175842
14,43.97182,0.0184682
14,44.23925,0.0231687
14,44.50668,0.0249995
14,44.77412,0.020045
14,45.04155,0.0170101
14,45.30898,0.0196224
14,45.57642,0.026741
14,45.84385,0.0235367
14,46.11128,0.0260662
14,46.37872,0.0257729
14,46.64615,0.0223986
14,46.91358,0.0245518
14,47.18101,0.0209273
14,47.44845,0.0218912
14,47.71588,0.0217908
14,47.98331,0.0273034
14,48.25075,0.0229327
14,48.51818,0.0209379
14,48.78561,0.0216987
14,49.05304,0.0224682
14,49.32048,0.0184313
14,49.58791,0.021715
14,49.85534,0.0221233
14,50.12278,0.0155422
14,50.39021,0.0185454
14,50.65764,0.0185487
14,50.92508,0.0146753
14,51.19251,0.0205437
14,51.45994,0.0176332
14,51.72738,0.016816
14,51.99481,0.0137272
14,52.26224,0.0125322
14,52.52967,0.0102362
14,52.79711,0.0081387
14,53.06454,0.0127338
14,53.33197,0.00764629
14,53.59941,-0.00104484
14,53.86684,0.0109457
14,54.13427,0.00999232
14,54.4017,0.00966723
14,54.66914,0.0117687
14,54.93657,0.00631679
14,55.204,0.000410696
14,55.47144,-0.0011099
14,55.73887,0.00174361
14,56.0063,0.000374006
14,56.27374,0.00272372
14,56.54117,0.00900069
14,56.8086,0.00448942
14,57.07604,0.00319161
14,57.34347,0.00737245
14,57.6109,0.00788931
14,57.87833,0.00124546
14,58.14577,-0.00166351
14,58.4132,0.0090605
15,-1.759225,0.000889154
15,-1.491792,-0.000566053
15,-1.224359,0.00105657
15,-0.956926,0.00505319
15,-0.689493,0.00916545
15,-0.42206,0.046541
15,-0.154627,0.14687
15,0.112806,0.328702
15,0.380239,0.597456
15,0.647672,0.880312
15,0.915105,1.00003
15,1.182538,0.958832
15,1.449971,0.887198
15,1.717404,0.799193
15,1.984837,0.708532
15,2.25227,0.64311
15,2.519703,0.592819
15,2.787136,0.560938
15,3.054569,0.525318
15,3.322002,0.495271
15,3.589435,0.462436
15,3.856868,0.438325
15,4.124301,0.420561
15,4.391734,0.402372
15,4.659167,0.389122
15,4.9266,0.376196
15,5.194033,0.362408
15,5.461466,0.348485
15,5.728899,0.336838
15,5.996332,0.323682
15,6.263765,0.312513
15,6.531198,0.298017
15,6.798631,0.286193
15,7.066064,0.274168
15,7.333497,0.266393
15,7.60093,0.26424
15,7.868363,0.25922
15,8.135796,0.248578
15,8.403229,0.240089
15,8.670662,0.231847
15,8.938095,0.223021
15,9.205528,0.216132
15,9.472961,0.207654
15,9.740394,0.205842
15,10.00783,0.203509
15,10.27526,0.20534
15,10.54269,0.196513
15,10.81013,0.186893
15,11.07756,0.183199
15,11.34499,0.177475
15,11.61242,0.169296
15,11.87986,0.163835
15,12.14729,0.15455
15,12.41472,0.144819
15,12.68216,0.132033
15,12.94959,0.129362
15,13.21702,0.119642
15,13.48446,0.114209
15,13.75189,0.105556
15,14.01932,0.102661
15,14.28676,0.0982999
15,14.55419,0.094515
15,14.82162,0.0958337
15,15.08905,0.0903662
15,15.35649,0.0851747
15,15.62392,0.082618
15,15.89135,0.0813561
15,16.15879,0.0793022
15,16.42622,0.0752503
15,16.69365,0.0719247
15,16.96108,0.0668264
15,17.22852,0.0669298
15,17.49595,0.0636984
15,17.76338,0.0584506
15,18.03082,0.0542565
15,18.29825,0.0540894
15,18.56568,0.0507099
15,18.83312,0.0497533
15,19.10055,0.0508653
15,19.36798,0.0489667
15,19.63541,0.0463339
15,19.90285,0.047525
15,20.17028,0.0475395
15,20.43771,0.0484874
15,20.70515,0.0474511
15,20.97258,0.0491379
15,21.24001,0.0529089
15,21.50745,0.0556552
15,21.77488,0.0533557
15,22.04231,0.0540196
15,22.30974,0.0539464
15,22.57718,0.0548418
15,22.84461,0.0522881
15,23.11204,0.0511685
15,23.37948,0.0495999
15,23.64691,0.055806
15,23.91434,0.0613716
15,24.18178,0.0654944
15,24.44921,0.07485
15,24.71664,0.0707852
15,24.98408,0.0611269
15,25.25151,0.0623331
15,25.51894,0.0589102
15,25.78637,0.06111
15,26.05381,0.0601741
15,26.32124,0.0615353
15,26.58867,0.0614153
15,26.85611,0.060744
15,27.12354,0.0608012
15,27.39097,0.054425
15,27.6584,0.0571753
15,27.92584,0.0557245
15,28.19327,0.0511943
15,28.4607,0.0518874
15,28.72814,0.0502365
15,28.99557,0.0449142
15,29.263,0.0447287
15,29.53044,0.0441891
15,29.79787,0.0398323
15,30.0653,0.0406246
15,30.33274,0.0378966
15,30.60017,0.0346554
15,30.8676,0.0327611
15,31.13503,0.0307852
15,31.40247,0.036193
15,31.6699,0.0324121
15,31.93733,0.0314159
15,32.20477,0.0312301
15,32.4722,0.0284763
15,32.73963,0.031731
15,33.00706,0.0299471
15,33.2745,0.0286212
15,33.54193,0.0213052
15,33.80936,0.015241
15,34.0768,0.0103617
15,34.34423,0.00909627
15,34.61166,0.0071869
15,34.8791,0.00620453
15,35.14653,0.00552134
15,35.41396,0.0115795
15,35.6814,0.0171544
15,35.94883,0.0210431
15,36.21626,0.0202823
15,36.48369,0.0203168
15,36.75113,0.0219184
15,37.01856,0.0147872
15,37.28599,0.0113208
15,37.55343,0.0109254
15,37.82086,0.0121297
15,38.08829,0.0148127
15,38.35572,0.00870275
15,38.62316,0.0096029
15,38.89059,0.0140285
15,39.15802,0.0124605
15,39.42546,0.0111507
15,39.69289,0.0132408
15,39.96032,0.0153096
15,40.22776,0.015892
15,40.49519,0.0141395
15,40.76262,0.0164967
15,41.03005,0.0168274
15,41.29749,0.0172027
15,41.56492,0.018303
15,41.83235,0.0189666
15,42.09979,0.0213273
15,42.36722,0.0202917
15,42.63465,0.0191792
15,42.90209,0.0217211
15,43.16952,0.023462
15,43.43695,0.0252855
15,43.70438,0.0256058
15,43.97182,0.0245109
15,44.23925,0.0281242
15,44.50668,0.0238574
15,44.77412,0.0209715
15,45.04155,0.0208986
15,45.30898,0.0229954
15,45.57642,0.022901
15,45.84385,0.0229611
15,46.11128,0.024331
15,46.37872,0.0222145
15,46.64615,0.0202443
15,46.91358,0.0185642
15,47.18101,0.0218568
15,47.44845,0.0213153
15,47.71588,0.0205985
15,47.98331,0.0220953
15,48.25075,0.0177857
15,48.51818,0.0188457
15,48.78561,0.0153005
15,49.05304,0.0134136
15,49.32048,0.011987
15,49.58791,0.0145815
15,49.85534,0.0132492
15,50.12278,0.0100395
15,50.39021,0.0137979
15,50.65764,0.0110603
15,50.92508,0.00989119
15,51.19251,0.0128594
15,51.45994,0.0082409
15,51.72738,0.00345315
15,51.99481,0.00785534
15,52.26224,0.00499869
15,52.52967,0.00401685
15,52.79711,0.00398792
15,53.06454,0.000393413
15,53.33197,0.00373548
15,53.59941,0.00439832
15,53.86684,0.00300524
15,54.13427,0.000780362
15,54.4017,-0.00328024
15,54.66914,-0.00177911
15,54.93657,-0.00416147
15,55.204,0.00153953
15,55.47144,0.00238637
15,55.73887,0.00198695
15,56.0063,0.00332112
15,56.27374,0.0024757
15,56.54117,0.00161906
15,56.8086,0.00644663
15,57.07604,0.00500164
15,57.34347,0.00207417
15,57.6109,0.00521127
15,57.87833,0.0083608
15,58.14577,0.00221692
15,58.4132,0.00826372
20,-1.759225,0.000161374
20,-1.491792,0.000846082
20,-1.224359,-0.000517091
20,-0.956926,-0.0038555
20,-0.689493,0.0194561
20,-0.42206,0.0960225
20,-0.154627,0.223905
20,0.112806,0.460762
20,0.380239,0.768554
20,0.647672,0.999986
20,0.915105,0.970207
20,1.182538,0.867958
20,1.449971,0.794663
20,1.717404,0.709495
20,1.984837,0.639095
20,2.25227,0.58628
20,2.519703,0.548033
20,2.787136,0.51839
20,3.054569,0.479692
20,3.322002,0.445545
20,3.589435,0.420561
20,3.856868,0.394539
20,4.124301,0.377453
20,4.391734,0.360472
20,4.659167,0.349163
20,4.9266,0.332842
20,5.194033,0.317842
20,5.461466,0.307366
20,5.728899,0.294865
20,5.996332,0.278445
20,6.263765,0.26127
20,6.531198,0.248966
20,6.798631,0.234479
20,7.066064,0.219805
20,7.333497,0.21717
20,7.60093,0.214673
20,7.868363,0.202995
20,8.135796,0.192948
20,8.403229,0.18028
20,8.670662,0.171161
20,8.938095,0.162061
20,9.205528,0.15561
20,9.472961,0.150708
20,9.740394,0.143371
20,10.00783,0.144184
20,10.27526,0.136665
20,10.54269,0.12976
20,10.81013,0.12525
20,11.07756,0.116865
20,11.34499,0.109027
20,11.61242,0.100425
20,11.87986,0.0908027
20,12.14729,0.0844975
20,12.41472,0.0769882
20,12.68216,0.0697091
20,12.94959,0.0614221
20,13.21702,0.0557811
20,13.48446,0.0547437
20,13.75189,0.0507721
20,14.01932,0.0462339
20,14.28676,0.0479656
20,14.55419,0.0485524
20,14.82162,0.0499982
20,15.08905,0.0502636
20,15.35649,0.0488074
20,15.62392,0.0479609
20,15.89135,0.0529002
20,16.15879,0.0513285
20,16.42622,0.0531208
20,16.69365,0.052547
20,16.96108,0.0503267
20,17.22852,0.0513633
20,17.49595,0.0536416
20,17.76338,0.0523038
20,18.03082,0.0504821
20,18.29825,0.0528221
20,18.56568,0.0498944
20,18.83312,0.0484729
20,19.10055,0.0498711
20,19.36798,0.0550468
20,19.63541,0.056892
20,19.90285,0.0550872
20,20.17028,0.0545052
20,20.43771,0.0563116
20,20.70515,0.0514657
20,20.97258,0.0520506
20,21.24001,0.0535202
20,21.50745,0.0478831
20,21.77488,0.0495177
20,22.04231,0.050402
20,22.30974,0.0492526
20,22.57718,0.0391771
20,22.84461,0.0413599
20,23.11204,0.0383681
20,23.37948,0.0407561
20,23.64691,0.0401054
20,23.91434,0.0420382
20,24.18178,0.0488003
20,24.44921,0.050866
20,24.71664,0.0338181
20,24.98408,0.024722
20,25.25151,0.0226071
20,25.51894,0.0200095
20,25.78637,0.0178712
20,26.05381,0.0187585
20,26.32124,0.0200867
20,26.58867,0.0154578
20,26.85611,0.0112701
20,27.12354,0.0124987
20,27.39097,0.014358
20,27.6584,0.0088962
20,27.92584,0.00707399
20,28.19327,0.00774374
20,28.4607,0.00749544
20,28.72814,0.00544721
20,28.99557,0.00398471
20,29.263,0.00436119
20,29.53044,0.0102784
20,29.79787,0.00424887
20,30.0653,0.00962658
20,30.33274,0.00651402
20,30.60017,0.00802532
20,30.8676,0.00873723
20,31.13503,0.0106397
20,31.40247,0.0154884
20,31.6699,0.0204538
20,31.93733,0.02063
20,32.20477,0.019512
20,32.4722,0.0242057
20,32.73963,0.0327714
20,33.00706,0.0350255
20,33.2745,0.0309462
20,33.54193,0.0236009
20,33.80936,0.017613
20,34.0768,0.0136723
20,34.34423,0.0129449
20,34.61166,0.00785408
20,34.8791,0.0200439
20,35.14653,0.0231145
20,35.41396,0.0308193
20,35.6814,0.0351843
20,35.94883,0.033829
20,36.21626,0.0325002
20,36.48369,0.029684
20,36.75113,0.0276571
20,37.01856,0.0223914
20,37.28599,0.0179624
20,37.55343,0.0227308
20,37.82086,0.0176448
20,38.08829,0.0172897
20,38.35572,0.0172829
20,38.62316,0.0158352
20,38.89059,0.010213
20,39.15802,0.00975849
20,39.42546,0.00997818
20,39.69289,0.00968959
20,39.96032,0.00936695
20,40.22776,0.00293695
20,40.49519,0.00622252
20,40.76262,0.0052704
20,41.03005,0.00748383
20,41.29749,0.00412375
20,41.56492,0.00574716
20,41.83235,0.00519709
20,42.09979,0.00032656
20,42.36722,0.00908366
20,42.63465,0.00232948
20,42.90209,0.00346309
20,43.16952,0.00884018
20,43.43695,0.0107713
20,43.70438,0.00922955
20,43.97182,0.00671575
20,44.23925,0.00859612
20,44.50668,0.00714706
20,44.77412,0.00458455
20,45.04155,0.0084428
20,45.30898,0.0075143
20,45.57642,0.0058069
20,45.84385,0.0105415
20,46.11128,0.00904158
20,46.37872,0.00828875
20,46.64615,0.00992068
20,46.91358,0.00838841
20,47.18101,0.0113437
20,47.44845,0.0128907
20,47.71588,0.0155075
20,47.98331,0.0102258
20,48.25075,0.0138718
20,48.51818,0.00989191
20,48.78561,0.00861254
20,49.05304,0.0151912
20,49.32048,0.0125188
20,49.58791,0.0155092
20,49.85534,0.0153131
20,50.12278,0.0161908
20,50.39021,0.016248
20,50.65764,0.0136991
20,50.92508,0.0134122
20,51.19251,0.0104801
20,51.45994,0.00989628
20,51.72738,0.0117785
20,51.99481,0.00817115
20,52.26224,0.00860949
20,52.52967,0.0061714
20,52.79711,0.0032526
20,53.06454,0.00490482
20,53.33197,0.00600095
20,53.59941,0.00454332
20,53.86684,0.00486285
20,54.13427,-0.00129858
20,54.4017,-0.00271092
20,54.66914,-0.00627686
20,54.93657,-0.00559651
20,55.204,-0.00427087
20,55.47144,-0.00274658
20,55.73887,0.00300853
20,56.0063,-0.000709466
20,56.27374,0.00151906
20,56.54117,0.00443193
20,56.8086,0.00240445
20,57.07604,-0.000221718
20,57.34347,-0.00210248
20,57.6109,0.00170273
20,57.87833,0.00144263
20,58.14577,0.000878142
20,58.4132,0.00311236
25,-1.759225,-0.00113828
25,-1.491792,-0.000508355
25,-1.224359,0.00141863
25,-0.956926,0.005037
25,-0.689493,0.0315128
25,-0.42206,0.124584
25,-0.154627,0.283334
25,0.112806,0.520967
25,0.380239,0.80965
25,0.647672,0.999973
25,0.915105,0.97563
25,1.182538,0.882615
25,1.449971,0.779543
25,1.717404,0.669824
25,1.984837,0.583246
25,2.25227,0.524811
25,2.519703,0.476898
25,2.787136,0.441014
25,3.054569,0.402
25,3.322002,0.369145
25,3.589435,0.33966
25,3.856868,0.316471
25,4.124301,0.29784
25,4.391734,0.287045
25,4.659167,0.271668
25,4.9266,0.256746
25,5.194033,0.246516
25,5.461466,0.235813
25,5.728899,0.219025
25,5.996332,0.201025
25,6.263765,0.184171
25,6.531198,0.174275
25,6.798631,0.15874
25,7.066064,0.147762
25,7.333497,0.145854
25,7.60093,0.141424
25,7.868363,0.125437
25,8.135796,0.111827
25,8.403229,0.0978169
25,8.670662,0.0934543
25,8.938095,0.0857537
25,9.205528,0.0755953
25,9.472961,0.0702182
25,9.740394,0.0703916
25,10.00783,0.0717791
25,10.27526,0.0673103
25,10.54269,0.0603468
25,10.81013,0.0567259
25,11.07756,0.0571525
25,11.34499,0.0473372
25,11.61242,0.0452525
25,11.87986,0.0429538
25,12.14729,0.039421
25,12.41472,0.036106
25,12.68216,0.0309634
25,12.94959,0.0338937
25,13.21702,0.0324071
25,13.48446,0.0312173
25,13.75189,0.0331763
25,14.01932,0.0366355
25,14.28676,0.0382718
25,14.55419,0.0422481
25,14.82162,0.0418895
25,15.08905,0.0463988
25,15.35649,0.0489
25,15.62392,0.0500266
25,15.89135,0.0525398
25,16.15879,0.050547
25,16.42622,0.0497559
25,16.69365,0.0492924
25,16.96108,0.046431
25,17.22852,0.046265
25,17.49595,0.0425676
25,17.76338,0.0403087
25,18.03082,0.038231
25,18.29825,0.0365073
25,18.56568,0.0356839
25,18.83312,0.0306134
25,19.10055,0.0288642
25,19.36798,0.0284955
25,19.63541,0.0239929
25,19.90285,0.025037
25,20.17028,0.0232128
25,20.43771,0.0206113
25,20.70515,0.0161713
25,20.97258,0.0150925
25,21.24001,0.0107745
25,21.50745,0.0157382
25,21.77488,0.00919253
25,22.04231,0.00758306
25,22.30974,0.00619043
25,22.57718,0.00537359
25,22.84461,0.000320827
25,23.11204,0.00371803
25,23.37948,0.00782227
25,23.64691,0.01112
25,23.91434,0.0127614
25,24.18178,0.0169596
25,24.44921,0.0192239
25,24.71664,0.00844892
25,24.98408,0.0116185
25,25.25151,0.00949717
25,25.51894,0.0125922
25,25.78637,0.0160073
25,26.05381,0.0188537
25,26.32124,0.018954
25,26.58867,0.0175839
25,26.85611,0.0212688
25,27.12354,0.0229863
25,27.39097,0.0225242
25,27.6584,0.0211908
25,27.92584,0.0224415
25,28.19327,0.0236936
25,28.4607,0.0220082
25,28.72814,0.0203173
25,28.99557,0.0213034
25,29.263,0.0190052
25,29.53044,0.0216396
25,29.79787,0.0161761
25,30.0653,0.0171046
25,30.33274,0.0172584
25,30.60017,0.0190685
25,30.8676,0.0144431
25,31.13503,0.013435
25,31.40247,0.0170035
25,31.6699,0.016919
25,31.93733,0.0158325
25,32.20477,0.0140115
25,32.4722,0.0198736
25,32.73963,0.0181627
25,33.00706,0.0141568
25,33.2745,0.00870872
25,33.54193,0.000932847
25,33.80936,-0.00362456
25,34.0768,-0.00544965
25,34.34423,-0.00817942
25,34.61166,-0.01009
25,34.8791,-0.00498112
25,35.14653,-0.001609
25,35.41396,0.00600721
25,35.6814,0.0120243
25,35.94883,0.014229
25,36.21626,0.0106138
25,36.48369,0.00845623
25,36.75113,0.00858613
25,37.01856,0.00553975
25,37.28599,0.00564294
25,37.55343,0.00599577
25,37.82086,0.00246668
25,38.08829,0.00380055
25,38.35572,0.00435733
25,38.62316,0.00729231
25,38.89059,0.00751397
25,39.15802,0.00635042
25,39.42546,0.00787655
25,39.69289,0.00865325
25,39.96032,0.00958235
25,40.22776,0.0112314
25,40.49519,0.0107497
25,40.76262,0.00881467
25,41.03005,0.0118175
25,41.29749,0.00857313
25,41.56492,0.0138478
25,41.83235,0.0124683
25,42.09979,0.0101605
25,42.36722,0.00768766
25,42.63465,0.00877803
25,42.90209,0.0124807
25,43.16952,0.0122988
25,43.43695,0.00631814
25,43.70438,0.00617682
25,43.97182,0.00231088
25,44.23925,0.00309301
25,44.50668,0.00293631
25,44.77412,-0.000349262
25,45.04155,-0.00100127
25,45.30898,-0.00121993
25,45.57642,0.000195852
25,45.84385,-0.000279921
25,46.11128,-0.0015322
25,46.37872,-0.00350598
25,46.64615,0.000454366
25,46.91358,-0.00135961
25,47.18101,0.00252371
25,47.44845,-0.000350374
25,47.71588,-0.000647424
25,47.98331,0.000535568
25,48.25075,0.00132468
25,48.51818,0.00196252
25,48.78561,-0.000803857
25,49.05304,0.00135379
25,49.32048,0.00236833
25,49.58791,0.00222246
25,49.85534,0.00453814
25,50.12278,0.00686311
25,50.39021,0.00485656
25,50.65764,0.00506057
25,50.92508,0.00559983
25,51.19251,0.0078189
25,51.45994,0.00735218
25,51.72738,0.00654
25,51.99481,0.00343319
25,52.26224,0.00358008
25,52.52967,0.0052225
25,52.79711,0.00515176
25,53.06454,0.00616559
25,53.33197,0.00514533
25,53.59941,0.0040744
25,53.86684,0.0062641
25,54.13427,0.00330769
25,54.4017,-0.00219961
25,54.66914,-6.05647e-05
25,54.93657,-0.0020158
25,55.204,-0.00195867
25,55.47144,-0.00183215
25,55.73887,0.00338694
25,56.0063,0.00431037
25,56.27374,0.00488059
25,56.54117,0.00266057
25,56.8086,0.00246447
25,57.07604,-0.00246363
25,57.34347,-0.00300024
25,57.6109,-0.000656169
25,57.87833,-0.00496761
25,58.14577,-0.00277883
25,58.4132,0.000687431
28,-1.759225,0.00267882
28,-1.491792,-0.00292716
28,-1.224359,0.000430351
28,-0.956926,0.00671415
28,-0.689493,0.0123361
28,-0.42206,0.0375312
28,-0.154627,0.117341
28,0.112806,0.274109
28,0.380239,0.52891
28,0.647672,0.83456
28,0.915105,1.00764
28,1.182538,1.00005
28,1.449971,0.943123
28,1.717404,0.855899
28,1.984837,0.757068
28,2.25227,0.680763
28,2.519703,0.624492
28,2.787136,0.586041
28,3.054569,0.548088
28,3.322002,0.513628
28,3.589435,0.475837
28,3.856868,0.442429
28,4.124301,0.418806
28,4.391734,0.395528
28,4.659167,0.377266
28,4.9266,0.358327
28,5.194033,0.33654
28,5.461466,0.321621
28,5.728899,0.296607
28,5.996332,0.281002
28,6.263765,0.262031
28,6.531198,0.242691
28,6.798631,0.222322
28,7.066064,0.203839
28,7.333497,0.194375
28,7.60093,0.187432
28,7.868363,0.172962
28,8.135796,0.158798
28,8.403229,0.148567
28,8.670662,0.13244
28,8.938095,0.127029
28,9.205528,0.11432
28,9.472961,0.105107
28,9.740394,0.098609
28,10.00783,0.0992765
28,10.27526,0.0954615
28,10.54269,0.0927048
28,10.81013,0.0869886
28,11.07756,0.0894011
28,11.34499,0.0846085
28,11.61242,0.0768493
28,11.87986,0.0738325
28,12.14729,0.0671666
28,12.41472,0.0651447
28,12.68216,0.0572818
28,12.94959,0.0580998
28,13.21702,0.0571571
28,13.48446,0.0534492
28,13.75189,0.0497445
28,14.01932,0.0543776
28,14.28676,0.0547718
28,14.55419,0.0547445
28,14.82162,0.0598649
28,15.08905,0.0637865
28,15.35649,0.0622482
28,15.62392,0.0652181
28,15.89135,0.0636341
28,16.15879,0.0642081
28,16.42622,0.066375
28,16.69365,0.0624745
28,16.96108,0.0608742
28,17.22852,0.0576951
28,17.49595,0.0542698
28,17.76338,0.0517371
28,18.03082,0.0473
28,18.29825,0.0394408
28,18.56568,0.0394185
28,18.83312,0.0307484
28,19.10055,0.0320727
28,19.36798,0.0297386
28,19.63541,0.0249323
28,19.90285,0.0196795
28,20.17028,0.0222028
28,20.43771,0.021644
28,20.70515,0.0153123
28,20.97258,0.0166119
28,21.24001,0.017225
28,21.50745,0.0167338
28,21.77488,0.0168843
28,22.04231,0.0177697
28,22.30974,0.0164788
28,22.57718,0.0196344
28,22.84461,0.0148634
28,23.11204,0.021751
28,23.37948,0.0224994
28,23.64691,0.0253379
28,23.91434,0.0301246
28,24.18178,0.0388907
28,24.44921,0.0449756
28,24.71664,0.0444815
28,24.98408,0.035958
28,25.25151,0.0352688
28,25.51894,0.0347063
28,25.78637,0.0347766
28,26.05381,0.0371473
28,26.32124,0.0374663
28,26.58867,0.03667
28,26.85611,0.0369081
28,27.12354,0.0291236
28,27.39097,0.0347298
28,27.6584,0.0325383
28,27.92584,0.0329632
28,28.19327,0.0291446
28,28.4607,0.0267461
28,28.72814,0.0243315
28,28.99557,0.0216242
28,29.263,0.0177784
28,29.53044,0.0117317
28,29.79787,0.0165136
28,30.0653,0.0116115
28,30.33274,0.0105386
28,30.60017,0.00829264
28,30.8676,0.00708689
28,31.13503,0.0128508
28,31.40247,0.0135941
28,31.6699,0.012536
28,31.93733,0.0182484
28,32.20477,0.0134977
28,32.4722,0.0195919
28,32.73963,0.0159764
28,33.00706,0.0181189
28,33.2745,0.0145297
28,33.54193,0.0136524
28,33.80936,0.00599027
28,34.0768,0.0028029
28,34.34423,0.00345913
28,34.61166,0.0013532
28,34.8791,0.00256956
28,35.14653,0.0115841
28,35.41396,0.0163429
28,35.6814,0.0270111
28,35.94883,0.0310481
28,36.21626,0.0305492
28,36.48369,0.0310212
28,36.75113,0.0300647
28,37.01856,0.026735
28,37.28599,0.0234258
28,37.55343,0.0218222
28,37.82086,0.0229486
28,38.08829,0.0172359
28,38.35572,0.0142856
28,38.62316,0.0137867
28,38.89059,0.013467
28,39.15802,0.0137074
28,39.42546,0.0115196
28,39.69289,0.0106167
28,39.96032,0.00855907
28,40.22776,0.00910896
28,40.49519,0.0083342
28,40.76262,0.00309597
28,41.03005,0.00142788
28,41.29749,0.00470469
28,41.56492,0.0035179
28,41.83235,0.00431078
28,42.09979,0.00806044
28,42.36722,0.00893546
28,42.63465,0.00506419
28,42.90209,0.0116206
28,43.16952,0.0131725
28,43.43695,0.0147481
28,43.70438,0.0136621
28,43.97182,0.0134535
28,44.23925,0.0136918
28,44.50668,0.0121321
28,44.77412,0.0119791
28,45.04155,0.0108496
28,45.30898,0.0104715
28,45.57642,0.0124907
28,45.84385,0.01088
28,46.11128,0.0127596
28,46.37872,0.0156789
28,46.64615,0.013992
28,46.91358,0.0126722
28,47.18101,0.013431
28,47.44845,0.0156342
28,47.71588,0.0113126
28,47.98331,0.0116219
28,48.25075,0.0149902
28,48.51818,0.011928
28,48.78561,0.0113795
28,49.05304,0.0174674
28,49.32048,0.0138351
28,49.58791,0.0113219
28,49.85534,0.013779
28,50.12278,0.0166912
28,50.39021,0.0147654
28,50.65764,0.0151358
28,50.92508,0.0159392
28,51.19251,0.0174375
28,51.45994,0.0152887
28,51.72738,0.011041
28,51.99481,0.013339
28,52.26224,0.00971146
28,52.52967,0.00802355
28,52.79711,0.00882304
28,53.06454,0.0130379
28,53.33197,0.0110144
28,53.59941,0.0088831
28,53.86684,0.00823772
28,54.13427,0.00680725
28,54.4017,0.00515382
28,54.66914,0.00311298
28,54.93657,0.000650181
28,55.204,-2.46957e-05
28,55.47144,0.00450844
28,55.73887,0.000925668
28,56.0063,0.00625842
28,56.27374,0.00858725
28,56.54117,0.010241
28,56.8086,0.011226
28,57.07604,0.00739769
28,57.34347,0.0105124
28,57.6109,0.00627492
28,57.87833,0.00545667
28,58.14577,0.004265
28,58.4132,0.000562042
30,-1.759225,0.00014716
30,-1.491792,0.00177291
30,-1.224359,-0.00269832
30,-0.956926,-0.00229909
30,-0.689493,0.0121469
30,-0.42206,0.0794001
30,-0.154627,0.211754
30,0.112806,0.412983
30,0.380239,0.686941
30,0.647672,0.936947
30,0.915105,0.984274
30,1.182538,0.908585
30,1.449971,0.828236
30,1.717404,0.731121
30,1.984837,0.642056
30,2.25227,0.572998
30,2.519703,0.52205
30,2.787136,0.48619
30,3.054569,0.446893
30,3.322002,0.40695
30,3.589435,0.369364
30,3.856868,0.339847
30,4.124301,0.326302
30,4.391734,0.308866
30,4.659167,0.292532
30,4.9266,0.27125
30,5.194033,0.258952
30,5.461466,0.243761
30,5.728899,0.2272
30,5.996332,0.204555
30,6.263765,0.185582
30,6.531198,0.171919
30,6.798631,0.160224
30,7.066064,0.145623
30,7.333497,0.141046
30,7.60093,0.135026
30,7.868363,0.119063
30,8.135796,0.107044
30,8.403229,0.0998655
30,8.670662,0.0854868
30,8.938095,0.074811
30,9.205528,0.0721055
30,9.472961,0.0668313
30,9.740394,0.0622845
30,10.00783,0.0650984
30,10.27526,0.0676869
30,10.54269,0.0695926
30,10.81013,0.0728342
30,11.07756,0.07041
30,11.34499,0.0685281
30,11.61242,0.0668556
30,11.87986,0.0648964
30,12.14729,0.0623519
30,12.41472,0.0569638
30,12.68216,0.0579586
30,12.94959,0.0568553
30,13.21702,0.053821
30,13.48446,0.0537794
30,13.75189,0.0545989
30,14.01932,0.0562974
30,14.28676,0.0549945
30,14.55419,0.0541382
30,14.82162,0.0626398
30,15.08905,0.0578608
30,15.35649,0.0595696
30,15.62392,0.0608359
30,15.89135,0.0567875
30,16.15879,0.0545943
30,16.42622,0.0494603
30,16.69365,0.0431858
30,16.96108,0.0440656
30,17.22852,0.0391663
30,17.49595,0.0339498
30,17.76338,0.0249434
30,18.03082,0.0190846
30,18.29825,0.0201199
30,18.56568,0.020814
30,18.83312,0.0164241
30,19.10055,0.0161884
30,19.36798,0.0156191
30,19.63541,0.0122485
30,19.90285,0.0106904
30,20.17028,0.00743575
30,20.43771,0.0145669
30,20.70515,0.0185474
30,20.97258,0.0170848
30,21.24001,0.017025
30,21.50745,0.0137192
30,21.77488,0.0173554
30,22.04231,0.0209863
30,22.30974,0.0178658
30,22.57718,0.0200084
30,22.84461,0.0204718
30,23.11204,0.0235866
30,23.37948,0.0272805
30,23.64691,0.0270643
30,23.91434,0.0360162
30,24.18178,0.0446173
30,24.44921,0.0465217
30,24.71664,0.0329515
30,24.98408,0.0317635
30,25.25151,0.0326768
30,25.51894,0.0304989
30,25.78637,0.0294192
30,26.05381,0.0320659
30,26.32124,0.0295916
30,26.58867,0.0327397
30,26.85611,0.0294074
30,27.12354,0.0242418
30,27.39097,0.0255385
30,27.6584,0.021004
30,27.92584,0.0167748
30,28.19327,0.0137325
30,28.4607,0.0124253
30,28.72814,0.0112383
30,28.99557,0.00884772
30,29.263,0.0062526
30,29.53044,0.00821879
30,29.79787,0.00630258
30,30.0653,0.00474523
30,30.33274,0.0059467
30,30.60017,0.00656504
30,30.8676,0.00526684
30,31.13503,0.00817127
30,31.40247,0.0106051
30,31.6699,0.0123103
30,31.93733,0.0110482
30,32.20477,0.0141169
30,32.4722,0.0187364
30,32.73963,0.0267909
30,33.00706,0.027333
30,33.2745,0.0203289
30,33.54193,0.013555
30,33.80936,0.00941451
30,34.0768,0.0101446
30,34.34423,0.0090005
30,34.61166,0.00594793
30,34.8791,0.00636924
30,35.14653,0.0137629
30,35.41396,0.0207083
30,35.6814,0.0258193
30,35.94883,0.0278583
30,36.21626,0.0236029
30,36.48369,0.0226844
30,36.75113,0.0209306
30,37.01856,0.0176964
30,37.28599,0.0148163
30,37.55343,0.0113122
30,37.82086,0.0129279
30,38.08829,0.0151312
30,38.35572,0.0150307
30,38.62316,0.0114946
30,38.89059,0.0113161
30,39.15802,0.0103509
30,39.42546,0.00597716
30,39.69289,0.00686133
30,39.96032,0.00894109
30,40.22776,0.0108768
30,40.49519,0.0071695
30,40.76262,0.00771462
30,41.03005,0.0131741
30,41.29749,0.0105409
30,41.56492,0.0129335
30,41.83235,0.0124318
30,42.09979,0.0126992
30,42.36722,0.0116999
30,42.63465,0.0128769
30,42.90209,0.018001
30,43.16952,0.0109762
30,43.43695,0.0149799
30,43.70438,0.0196226
30,43.97182,0.0129117
30,44.23925,0.010238
30,44.50668,0.00911408
30,44.77412,0.0126059
30,45.04155,0.00876159
30,45.30898,0.0115287
30,45.57642,0.00956007
30,45.84385,0.00947118
30,46.11128,0.0128714
30,46.37872,0.0107589
30,46.64615,0.00745295
30,46.91358,0.0106235
30,47.18101,0.0102375
30,47.44845,0.0120333
30,47.71588,0.0085594
30,47.98331,0.00964937
30,48.25075,0.00920386
30,48.51818,0.00181892
30,48.78561,0.00689443
30,49.05304,0.00714637
30,49.32048,0.00795621
30,49.58791,0.0077678
30,49.85534,0.00649157
30,50.12278,0.0150247
30,50.39021,0.015392
30,50.65764,0.00861339
30,50.92508,0.0070051
30,51.19251,0.0110643
30,51.45994,0.0152316
30,51.72738,0.00655789
30,51.99481,0.0126107
30,52.26224,0.00741098
30,52.52967,0.00700757
30,52.79711,0.00971033
30,53.06454,0.0123076
30,53.33197,0.0108848
30,53.59941,0.014809
30,53.86684,0.0120371
30,54.13427,0.00846732
30,54.4017,0.00411821
30,54.66914,0.00298792
30,54.93657,0.00582814
30,55.204,0.00756647
30,55.47144,0.00988896
30,55.73887,0.00939576
30,56.0063,0.00975273
30,56.27374,0.0105967
30,56.54117,0.0120544
30,56.8086,0.0102253
30,57.07604,0.0089769
30,57.34347,0.00817847
30,57.6109,0.00809727
30,57.87833,0.00303958
30,58.14577,-6.8235e-05
30,58.4132,-0.00263643
